vin,make,model,year,range,topSpeed,zeroSixty,mileage
TMX20122,AnyCompany Motors, Coupe, 2012, 335, 155, 4.1, 50000
TM320163,AnyCompany Motors, Sedan, 2016, 240, 140, 5.2, 20000
TMX20121,AnyCompany Motors, SUV, 2012, 295, 155, 4.7, 100000
TMX20204,AnyCompany Motors, Truck, 2020, 300, 155, 3.5, 0
import csv
import copy
myVehicle = {
    "vin" : "<empty>",
    "make" : "<empty>" ,
    "model" : "<empty>" ,
    "year" : 0,
    "range" : 0,
    "topSpeed" : 0,
    "zeroSixty" : 0.0,
    "mileage" : 0
}
for key, value in myVehicle.items():
    print("{} : {}".format(key,value))
    myInventoryList = []
    userReply = input("Would you like to buy stamps, buy an envelope, or make a copy? (Enter stamps, envelope, or copy) ")
if userReply == "stamps":
    print("We have many stamp designs to choose from.")
elif userReply == "envelope":
    print("We have many envelope sizes to choose from.")
elif userReply == "copy":
    copies = input("How many copies would you like? (Enter a number) ")
    print("Here are {} copies.".format(copies))
else:
    print("Thank you, please come again.")